id,0,1,2,3,4,5,6,7,8,9
img_901_1,0,1,0,0,0,0,0,0,0,0
img_901_2,0,0,0,0,0,0,1,0,0,0
img_901_3,,,,,,,,,,
img_901_4,,,,,,,,,,
img_901_5,,,,,,,,,,
img_901_6,,,,,,,,,,
img_901_7,,,,,,,,,,
img_902_1,,,,,,,,,,
img_902_2,,,,,,,,,,
img_902_3,,,,,,,,,,
img_902_4,,,,,,,,,,
img_902_5,,,,,,,,,,
img_902_6,,,,,,,,,,
img_902_7,,,,,,,,,,
img_903_1,,,,,,,,,,
img_903_2,,,,,,,,,,
img_903_3,,,,,,,,,,
img_903_4,,,,,,,,,,
img_903_5,,,,,,,,,,
img_903_6,,,,,,,,,,
img_903_7,,,,,,,,,,
img_904_1,,,,,,,,,,
img_904_2,,,,,,,,,,
img_904_3,,,,,,,,,,
img_904_4,,,,,,,,,,
img_904_5,,,,,,,,,,
img_904_6,,,,,,,,,,
img_904_7,,,,,,,,,,
img_905_1,,,,,,,,,,
img_905_2,,,,,,,,,,
img_905_3,,,,,,,,,,
img_905_4,,,,,,,,,,
img_905_5,,,,,,,,,,
img_905_6,,,,,,,,,,
img_905_7,,,,,,,,,,
img_906_1,,,,,,,,,,
img_906_2,,,,,,,,,,
img_906_3,,,,,,,,,,
img_906_4,,,,,,,,,,
img_906_5,,,,,,,,,,
img_906_6,,,,,,,,,,
img_906_7,,,,,,,,,,
img_907_1,,,,,,,,,,
img_907_2,,,,,,,,,,
img_907_3,,,,,,,,,,
img_907_4,,,,,,,,,,
img_907_5,,,,,,,,,,
img_907_6,,,,,,,,,,
img_907_7,,,,,,,,,,
img_908_1,,,,,,,,,,
img_908_2,,,,,,,,,,
img_908_3,,,,,,,,,,
img_908_4,,,,,,,,,,
img_908_5,,,,,,,,,,
img_908_6,,,,,,,,,,
img_908_7,,,,,,,,,,
img_909_1,,,,,,,,,,
img_909_2,,,,,,,,,,
img_909_3,,,,,,,,,,
img_909_4,,,,,,,,,,
img_909_5,,,,,,,,,,
img_909_6,,,,,,,,,,
img_909_7,,,,,,,,,,
img_910_1,,,,,,,,,,
img_910_2,,,,,,,,,,
img_910_3,,,,,,,,,,
img_910_4,,,,,,,,,,
img_910_5,,,,,,,,,,
img_910_6,,,,,,,,,,
img_910_7,,,,,,,,,,
img_911_1,,,,,,,,,,
img_911_2,,,,,,,,,,
img_911_3,,,,,,,,,,
img_911_4,,,,,,,,,,
img_911_5,,,,,,,,,,
img_911_6,,,,,,,,,,
img_911_7,,,,,,,,,,
img_912_1,,,,,,,,,,
img_912_2,,,,,,,,,,
img_912_3,,,,,,,,,,
img_912_4,,,,,,,,,,
img_912_5,,,,,,,,,,
img_912_6,,,,,,,,,,
img_912_7,,,,,,,,,,
img_913_1,,,,,,,,,,
img_913_2,,,,,,,,,,
img_913_3,,,,,,,,,,
img_913_4,,,,,,,,,,
img_913_5,,,,,,,,,,
img_913_6,,,,,,,,,,
img_913_7,,,,,,,,,,
img_914_1,,,,,,,,,,
img_914_2,,,,,,,,,,
img_914_3,,,,,,,,,,
img_914_4,,,,,,,,,,
img_914_5,,,,,,,,,,
img_914_6,,,,,,,,,,
img_914_7,,,,,,,,,,
img_915_1,,,,,,,,,,
img_915_2,,,,,,,,,,
img_915_3,,,,,,,,,,
img_915_4,,,,,,,,,,
img_915_5,,,,,,,,,,
img_915_6,,,,,,,,,,
img_915_7,,,,,,,,,,
img_917_1,,,,,,,,,,
img_917_2,,,,,,,,,,
img_917_3,,,,,,,,,,
img_917_4,,,,,,,,,,
img_917_5,,,,,,,,,,
img_917_6,,,,,,,,,,
img_917_7,,,,,,,,,,
img_918_1,,,,,,,,,,
img_918_2,,,,,,,,,,
img_918_3,,,,,,,,,,
img_918_4,,,,,,,,,,
img_918_5,,,,,,,,,,
img_918_6,,,,,,,,,,
img_918_7,,,,,,,,,,
img_919_1,,,,,,,,,,
img_919_2,,,,,,,,,,
img_919_3,,,,,,,,,,
img_919_4,,,,,,,,,,
img_919_5,,,,,,,,,,
img_919_6,,,,,,,,,,
img_919_7,,,,,,,,,,
img_920_1,,,,,,,,,,
img_920_2,,,,,,,,,,
img_920_3,,,,,,,,,,
img_920_4,,,,,,,,,,
img_920_5,,,,,,,,,,
img_920_6,,,,,,,,,,
img_920_7,,,,,,,,,,
img_921_1,,,,,,,,,,
img_921_2,,,,,,,,,,
img_921_3,,,,,,,,,,
img_921_4,,,,,,,,,,
img_921_5,,,,,,,,,,
img_921_6,,,,,,,,,,
img_921_7,,,,,,,,,,
img_922_1,,,,,,,,,,
img_922_2,,,,,,,,,,
img_922_3,,,,,,,,,,
img_922_4,,,,,,,,,,
img_922_5,,,,,,,,,,
img_922_6,,,,,,,,,,
img_922_7,,,,,,,,,,
img_923_1,,,,,,,,,,
img_923_2,,,,,,,,,,
img_923_3,,,,,,,,,,
img_923_4,,,,,,,,,,
img_923_5,,,,,,,,,,
img_923_6,,,,,,,,,,
img_923_7,,,,,,,,,,
img_924_1,,,,,,,,,,
img_924_2,,,,,,,,,,
img_924_3,,,,,,,,,,
img_924_4,,,,,,,,,,
img_924_5,,,,,,,,,,
img_924_6,,,,,,,,,,
img_924_7,,,,,,,,,,
img_925_1,,,,,,,,,,
img_925_2,,,,,,,,,,
img_925_3,,,,,,,,,,
img_925_4,,,,,,,,,,
img_925_5,,,,,,,,,,
img_925_6,,,,,,,,,,
img_925_7,,,,,,,,,,
img_926_1,,,,,,,,,,
img_926_2,,,,,,,,,,
img_926_3,,,,,,,,,,
img_926_4,,,,,,,,,,
img_926_5,,,,,,,,,,
img_926_6,,,,,,,,,,
img_926_7,,,,,,,,,,
img_927_1,,,,,,,,,,
img_927_2,,,,,,,,,,
img_927_3,,,,,,,,,,
img_927_4,,,,,,,,,,
img_927_5,,,,,,,,,,
img_927_6,,,,,,,,,,
img_927_7,,,,,,,,,,
img_928_1,,,,,,,,,,
img_928_2,,,,,,,,,,
img_928_3,,,,,,,,,,
img_928_4,,,,,,,,,,
img_928_5,,,,,,,,,,
img_928_6,,,,,,,,,,
img_928_7,,,,,,,,,,
img_929_1,,,,,,,,,,
img_929_2,,,,,,,,,,
img_929_3,,,,,,,,,,
img_929_4,,,,,,,,,,
img_929_5,,,,,,,,,,
img_929_6,,,,,,,,,,
img_929_7,,,,,,,,,,
img_930_1,,,,,,,,,,
img_930_2,,,,,,,,,,
img_930_3,,,,,,,,,,
img_930_4,,,,,,,,,,
img_930_5,,,,,,,,,,
img_930_6,,,,,,,,,,
img_930_7,,,,,,,,,,
img_931_1,,,,,,,,,,
img_931_2,,,,,,,,,,
img_931_3,,,,,,,,,,
img_931_4,,,,,,,,,,
img_931_5,,,,,,,,,,
img_931_6,,,,,,,,,,
img_931_7,,,,,,,,,,
img_932_1,,,,,,,,,,
img_932_2,,,,,,,,,,
img_932_3,,,,,,,,,,
img_932_4,,,,,,,,,,
img_932_5,,,,,,,,,,
img_932_6,,,,,,,,,,
img_932_7,,,,,,,,,,
img_933_1,,,,,,,,,,
img_933_2,,,,,,,,,,
img_933_3,,,,,,,,,,
img_933_4,,,,,,,,,,
img_933_5,,,,,,,,,,
img_933_6,,,,,,,,,,
img_933_7,,,,,,,,,,
img_934_1,,,,,,,,,,
img_934_2,,,,,,,,,,
img_934_3,,,,,,,,,,
img_934_4,,,,,,,,,,
img_934_5,,,,,,,,,,
img_934_6,,,,,,,,,,
img_934_7,,,,,,,,,,
img_935_1,,,,,,,,,,
img_935_2,,,,,,,,,,
img_935_3,,,,,,,,,,
img_935_4,,,,,,,,,,
img_935_5,,,,,,,,,,
img_935_6,,,,,,,,,,
img_935_7,,,,,,,,,,
img_936_1,,,,,,,,,,
img_936_2,,,,,,,,,,
img_936_3,,,,,,,,,,
img_936_4,,,,,,,,,,
img_936_5,,,,,,,,,,
img_936_6,,,,,,,,,,
img_936_7,,,,,,,,,,
img_937_1,,,,,,,,,,
img_937_2,,,,,,,,,,
img_937_3,,,,,,,,,,
img_937_4,,,,,,,,,,
img_937_5,,,,,,,,,,
img_937_6,,,,,,,,,,
img_937_7,,,,,,,,,,
img_938_1,,,,,,,,,,
img_938_2,,,,,,,,,,
img_938_3,,,,,,,,,,
img_938_4,,,,,,,,,,
img_938_5,,,,,,,,,,
img_938_6,,,,,,,,,,
img_938_7,,,,,,,,,,
img_939_1,,,,,,,,,,
img_939_2,,,,,,,,,,
img_939_3,,,,,,,,,,
img_939_4,,,,,,,,,,
img_939_5,,,,,,,,,,
img_939_6,,,,,,,,,,
img_939_7,,,,,,,,,,
img_940_1,,,,,,,,,,
img_940_2,,,,,,,,,,
img_940_3,,,,,,,,,,
img_940_4,,,,,,,,,,
img_940_5,,,,,,,,,,
img_940_6,,,,,,,,,,
img_940_7,,,,,,,,,,
img_941_1,,,,,,,,,,
img_941_2,,,,,,,,,,
img_941_3,,,,,,,,,,
img_941_4,,,,,,,,,,
img_941_5,,,,,,,,,,
img_941_6,,,,,,,,,,
img_941_7,,,,,,,,,,
img_942_1,,,,,,,,,,
img_942_2,,,,,,,,,,
img_942_3,,,,,,,,,,
img_942_4,,,,,,,,,,
img_942_5,,,,,,,,,,
img_942_6,,,,,,,,,,
img_942_7,,,,,,,,,,
img_943_1,,,,,,,,,,
img_943_2,,,,,,,,,,
img_943_3,,,,,,,,,,
img_943_4,,,,,,,,,,
img_943_5,,,,,,,,,,
img_943_6,,,,,,,,,,
img_943_7,,,,,,,,,,
img_944_1,,,,,,,,,,
img_944_2,,,,,,,,,,
img_944_3,,,,,,,,,,
img_944_4,,,,,,,,,,
img_944_5,,,,,,,,,,
img_944_6,,,,,,,,,,
img_944_7,,,,,,,,,,
img_945_1,,,,,,,,,,
img_945_2,,,,,,,,,,
img_945_3,,,,,,,,,,
img_945_4,,,,,,,,,,
img_945_5,,,,,,,,,,
img_945_6,,,,,,,,,,
img_945_7,,,,,,,,,,
img_946_1,,,,,,,,,,
img_946_2,,,,,,,,,,
img_946_3,,,,,,,,,,
img_946_4,,,,,,,,,,
img_946_5,,,,,,,,,,
img_946_6,,,,,,,,,,
img_946_7,,,,,,,,,,
img_947_1,,,,,,,,,,
img_947_2,,,,,,,,,,
img_947_3,,,,,,,,,,
img_947_4,,,,,,,,,,
img_947_5,,,,,,,,,,
img_947_6,,,,,,,,,,
img_947_7,,,,,,,,,,
img_948_1,,,,,,,,,,
img_948_2,,,,,,,,,,
img_948_3,,,,,,,,,,
img_948_4,,,,,,,,,,
img_948_5,,,,,,,,,,
img_948_6,,,,,,,,,,
img_948_7,,,,,,,,,,
img_949_1,,,,,,,,,,
img_949_2,,,,,,,,,,
img_949_3,,,,,,,,,,
img_949_4,,,,,,,,,,
img_949_5,,,,,,,,,,
img_949_6,,,,,,,,,,
img_949_7,,,,,,,,,,
img_950_1,,,,,,,,,,
img_950_2,,,,,,,,,,
img_950_3,,,,,,,,,,
img_950_4,,,,,,,,,,
img_950_5,,,,,,,,,,
img_950_6,,,,,,,,,,
img_950_7,,,,,,,,,,
img_951_1,,,,,,,,,,
img_951_2,,,,,,,,,,
img_951_3,,,,,,,,,,
img_951_4,,,,,,,,,,
img_951_5,,,,,,,,,,
img_951_6,,,,,,,,,,
img_951_7,,,,,,,,,,
img_952_1,,,,,,,,,,
img_952_2,,,,,,,,,,
img_952_3,,,,,,,,,,
img_952_4,,,,,,,,,,
img_952_5,,,,,,,,,,
img_952_6,,,,,,,,,,
img_952_7,,,,,,,,,,
img_953_1,,,,,,,,,,
img_953_2,,,,,,,,,,
img_953_3,,,,,,,,,,
img_953_4,,,,,,,,,,
img_953_5,,,,,,,,,,
img_953_6,,,,,,,,,,
img_953_7,,,,,,,,,,
img_954_1,,,,,,,,,,
img_954_2,,,,,,,,,,
img_954_3,,,,,,,,,,
img_954_4,,,,,,,,,,
img_954_5,,,,,,,,,,
img_954_6,,,,,,,,,,
img_954_7,,,,,,,,,,
img_955_1,,,,,,,,,,
img_955_2,,,,,,,,,,
img_955_3,,,,,,,,,,
img_955_4,,,,,,,,,,
img_955_5,,,,,,,,,,
img_955_6,,,,,,,,,,
img_955_7,,,,,,,,,,
img_956_1,,,,,,,,,,
img_956_2,,,,,,,,,,
img_956_3,,,,,,,,,,
img_956_4,,,,,,,,,,
img_956_5,,,,,,,,,,
img_956_6,,,,,,,,,,
img_956_7,,,,,,,,,,
img_957_1,,,,,,,,,,
img_957_2,,,,,,,,,,
img_957_3,,,,,,,,,,
img_957_4,,,,,,,,,,
img_957_5,,,,,,,,,,
img_957_6,,,,,,,,,,
img_957_7,,,,,,,,,,
img_958_1,,,,,,,,,,
img_958_2,,,,,,,,,,
img_958_3,,,,,,,,,,
img_958_4,,,,,,,,,,
img_958_5,,,,,,,,,,
img_958_6,,,,,,,,,,
img_958_7,,,,,,,,,,
img_959_1,,,,,,,,,,
img_959_2,,,,,,,,,,
img_959_3,,,,,,,,,,
img_959_4,,,,,,,,,,
img_959_5,,,,,,,,,,
img_959_6,,,,,,,,,,
img_959_7,,,,,,,,,,
img_960_1,,,,,,,,,,
img_960_2,,,,,,,,,,
img_960_3,,,,,,,,,,
img_960_4,,,,,,,,,,
img_960_5,,,,,,,,,,
img_960_6,,,,,,,,,,
img_960_7,,,,,,,,,,
img_961_1,,,,,,,,,,
img_961_2,,,,,,,,,,
img_961_3,,,,,,,,,,
img_961_4,,,,,,,,,,
img_961_5,,,,,,,,,,
img_961_6,,,,,,,,,,
img_961_7,,,,,,,,,,
img_962_1,,,,,,,,,,
img_962_2,,,,,,,,,,
img_962_3,,,,,,,,,,
img_962_4,,,,,,,,,,
img_962_5,,,,,,,,,,
img_962_6,,,,,,,,,,
img_962_7,,,,,,,,,,
img_963_1,,,,,,,,,,
img_963_2,,,,,,,,,,
img_963_3,,,,,,,,,,
img_963_4,,,,,,,,,,
img_963_5,,,,,,,,,,
img_963_6,,,,,,,,,,
img_963_7,,,,,,,,,,
img_964_1,,,,,,,,,,
img_964_2,,,,,,,,,,
img_964_3,,,,,,,,,,
img_964_4,,,,,,,,,,
img_964_5,,,,,,,,,,
img_964_6,,,,,,,,,,
img_964_7,,,,,,,,,,
img_965_1,,,,,,,,,,
img_965_2,,,,,,,,,,
img_965_3,,,,,,,,,,
img_965_4,,,,,,,,,,
img_965_5,,,,,,,,,,
img_965_6,,,,,,,,,,
img_965_7,,,,,,,,,,
img_966_1,,,,,,,,,,
img_966_2,,,,,,,,,,
img_966_3,,,,,,,,,,
img_966_4,,,,,,,,,,
img_966_5,,,,,,,,,,
img_966_6,,,,,,,,,,
img_966_7,,,,,,,,,,
img_967_1,,,,,,,,,,
img_967_2,,,,,,,,,,
img_967_3,,,,,,,,,,
img_967_4,,,,,,,,,,
img_967_5,,,,,,,,,,
img_967_6,,,,,,,,,,
img_967_7,,,,,,,,,,
img_968_1,,,,,,,,,,
img_968_2,,,,,,,,,,
img_968_3,,,,,,,,,,
img_968_4,,,,,,,,,,
img_968_5,,,,,,,,,,
img_968_6,,,,,,,,,,
img_968_7,,,,,,,,,,
img_969_1,,,,,,,,,,
img_969_2,,,,,,,,,,
img_969_3,,,,,,,,,,
img_969_4,,,,,,,,,,
img_969_5,,,,,,,,,,
img_969_6,,,,,,,,,,
img_969_7,,,,,,,,,,
img_970_1,,,,,,,,,,
img_970_2,,,,,,,,,,
img_970_3,,,,,,,,,,
img_970_4,,,,,,,,,,
img_970_5,,,,,,,,,,
img_970_6,,,,,,,,,,
img_970_7,,,,,,,,,,
img_971_1,,,,,,,,,,
img_971_2,,,,,,,,,,
img_971_3,,,,,,,,,,
img_971_4,,,,,,,,,,
img_971_5,,,,,,,,,,
img_971_6,,,,,,,,,,
img_971_7,,,,,,,,,,
img_972_1,,,,,,,,,,
img_972_2,,,,,,,,,,
img_972_3,,,,,,,,,,
img_972_4,,,,,,,,,,
img_972_5,,,,,,,,,,
img_972_6,,,,,,,,,,
img_972_7,,,,,,,,,,
img_973_1,,,,,,,,,,
img_973_2,,,,,,,,,,
img_973_3,,,,,,,,,,
img_973_4,,,,,,,,,,
img_973_5,,,,,,,,,,
img_973_6,,,,,,,,,,
img_973_7,,,,,,,,,,
img_974_1,,,,,,,,,,
img_974_2,,,,,,,,,,
img_974_3,,,,,,,,,,
img_974_4,,,,,,,,,,
img_974_5,,,,,,,,,,
img_974_6,,,,,,,,,,
img_974_7,,,,,,,,,,
img_975_1,,,,,,,,,,
img_975_2,,,,,,,,,,
img_975_3,,,,,,,,,,
img_975_4,,,,,,,,,,
img_975_5,,,,,,,,,,
img_975_6,,,,,,,,,,
img_975_7,,,,,,,,,,
img_976_1,,,,,,,,,,
img_976_2,,,,,,,,,,
img_976_3,,,,,,,,,,
img_976_4,,,,,,,,,,
img_976_5,,,,,,,,,,
img_976_6,,,,,,,,,,
img_976_7,,,,,,,,,,
img_977_1,,,,,,,,,,
img_977_2,,,,,,,,,,
img_977_3,,,,,,,,,,
img_977_4,,,,,,,,,,
img_977_5,,,,,,,,,,
img_977_6,,,,,,,,,,
img_977_7,,,,,,,,,,
img_978_1,,,,,,,,,,
img_978_2,,,,,,,,,,
img_978_3,,,,,,,,,,
img_978_4,,,,,,,,,,
img_978_5,,,,,,,,,,
img_978_6,,,,,,,,,,
img_978_7,,,,,,,,,,
img_979_1,,,,,,,,,,
img_979_2,,,,,,,,,,
img_979_3,,,,,,,,,,
img_979_4,,,,,,,,,,
img_979_5,,,,,,,,,,
img_979_6,,,,,,,,,,
img_979_7,,,,,,,,,,
img_981_1,,,,,,,,,,
img_981_2,,,,,,,,,,
img_981_3,,,,,,,,,,
img_981_4,,,,,,,,,,
img_981_5,,,,,,,,,,
img_981_6,,,,,,,,,,
img_981_7,,,,,,,,,,
img_982_1,,,,,,,,,,
img_982_2,,,,,,,,,,
img_982_3,,,,,,,,,,
img_982_4,,,,,,,,,,
img_982_5,,,,,,,,,,
img_982_6,,,,,,,,,,
img_982_7,,,,,,,,,,
img_983_1,,,,,,,,,,
img_983_2,,,,,,,,,,
img_983_3,,,,,,,,,,
img_983_4,,,,,,,,,,
img_983_5,,,,,,,,,,
img_983_6,,,,,,,,,,
img_983_7,,,,,,,,,,
img_984_1,,,,,,,,,,
img_984_2,,,,,,,,,,
img_984_3,,,,,,,,,,
img_984_4,,,,,,,,,,
img_984_5,,,,,,,,,,
img_984_6,,,,,,,,,,
img_984_7,,,,,,,,,,
img_985_1,,,,,,,,,,
img_985_2,,,,,,,,,,
img_985_3,,,,,,,,,,
img_985_4,,,,,,,,,,
img_985_5,,,,,,,,,,
img_985_6,,,,,,,,,,
img_985_7,,,,,,,,,,
img_986_1,,,,,,,,,,
img_986_2,,,,,,,,,,
img_986_3,,,,,,,,,,
img_986_4,,,,,,,,,,
img_986_5,,,,,,,,,,
img_986_6,,,,,,,,,,
img_986_7,,,,,,,,,,
img_987_1,,,,,,,,,,
img_987_2,,,,,,,,,,
img_987_3,,,,,,,,,,
img_987_4,,,,,,,,,,
img_987_5,,,,,,,,,,
img_987_6,,,,,,,,,,
img_987_7,,,,,,,,,,
img_988_1,,,,,,,,,,
img_988_2,,,,,,,,,,
img_988_3,,,,,,,,,,
img_988_4,,,,,,,,,,
img_988_5,,,,,,,,,,
img_988_6,,,,,,,,,,
img_988_7,,,,,,,,,,
img_989_1,,,,,,,,,,
img_989_2,,,,,,,,,,
img_989_3,,,,,,,,,,
img_989_4,,,,,,,,,,
img_989_5,,,,,,,,,,
img_989_6,,,,,,,,,,
img_989_7,,,,,,,,,,
img_990_1,,,,,,,,,,
img_990_2,,,,,,,,,,
img_990_3,,,,,,,,,,
img_990_4,,,,,,,,,,
img_990_5,,,,,,,,,,
img_990_6,,,,,,,,,,
img_990_7,,,,,,,,,,
img_991_1,,,,,,,,,,
img_991_2,,,,,,,,,,
img_991_3,,,,,,,,,,
img_991_4,,,,,,,,,,
img_991_5,,,,,,,,,,
img_991_6,,,,,,,,,,
img_991_7,,,,,,,,,,
img_992_1,,,,,,,,,,
img_992_2,,,,,,,,,,
img_992_3,,,,,,,,,,
img_992_4,,,,,,,,,,
img_992_5,,,,,,,,,,
img_992_6,,,,,,,,,,
img_992_7,,,,,,,,,,
img_993_1,,,,,,,,,,
img_993_2,,,,,,,,,,
img_993_3,,,,,,,,,,
img_993_4,,,,,,,,,,
img_993_5,,,,,,,,,,
img_993_6,,,,,,,,,,
img_993_7,,,,,,,,,,
img_994_1,,,,,,,,,,
img_994_2,,,,,,,,,,
img_994_3,,,,,,,,,,
img_994_4,,,,,,,,,,
img_994_5,,,,,,,,,,
img_994_6,,,,,,,,,,
img_994_7,,,,,,,,,,
img_995_1,,,,,,,,,,
img_995_2,,,,,,,,,,
img_995_3,,,,,,,,,,
img_995_4,,,,,,,,,,
img_995_5,,,,,,,,,,
img_995_6,,,,,,,,,,
img_995_7,,,,,,,,,,
img_996_1,,,,,,,,,,
img_996_2,,,,,,,,,,
img_996_3,,,,,,,,,,
img_996_4,,,,,,,,,,
img_996_5,,,,,,,,,,
img_996_6,,,,,,,,,,
img_996_7,,,,,,,,,,
img_997_1,,,,,,,,,,
img_997_2,,,,,,,,,,
img_997_3,,,,,,,,,,
img_997_4,,,,,,,,,,
img_997_5,,,,,,,,,,
img_997_6,,,,,,,,,,
img_997_7,,,,,,,,,,
img_998_1,,,,,,,,,,
img_998_2,,,,,,,,,,
img_998_3,,,,,,,,,,
img_998_4,,,,,,,,,,
img_998_5,,,,,,,,,,
img_998_6,,,,,,,,,,
img_998_7,,,,,,,,,,
img_999_1,,,,,,,,,,
img_999_2,,,,,,,,,,
img_999_3,,,,,,,,,,
img_999_4,,,,,,,,,,
img_999_5,,,,,,,,,,
img_999_6,,,,,,,,,,
img_999_7,,,,,,,,,,
img_1000_1,,,,,,,,,,
img_1000_2,,,,,,,,,,
img_1000_3,,,,,,,,,,
img_1000_4,,,,,,,,,,
img_1000_5,,,,,,,,,,
img_1000_6,,,,,,,,,,
img_1000_7,,,,,,,,,,
img_1001_1,,,,,,,,,,
img_1001_2,,,,,,,,,,
img_1001_3,,,,,,,,,,
img_1001_4,,,,,,,,,,
img_1001_5,,,,,,,,,,
img_1001_6,,,,,,,,,,
img_1001_7,,,,,,,,,,
img_1002_1,,,,,,,,,,
img_1002_2,,,,,,,,,,
img_1002_3,,,,,,,,,,
img_1002_4,,,,,,,,,,
img_1002_5,,,,,,,,,,
img_1002_6,,,,,,,,,,
img_1002_7,,,,,,,,,,
img_1003_1,,,,,,,,,,
img_1003_2,,,,,,,,,,
img_1003_3,,,,,,,,,,
img_1003_4,,,,,,,,,,
img_1003_5,,,,,,,,,,
img_1003_6,,,,,,,,,,
img_1003_7,,,,,,,,,,
img_1004_1,,,,,,,,,,
img_1004_2,,,,,,,,,,
img_1004_3,,,,,,,,,,
img_1004_4,,,,,,,,,,
img_1004_5,,,,,,,,,,
img_1004_6,,,,,,,,,,
img_1004_7,,,,,,,,,,
img_1005_1,,,,,,,,,,
img_1005_2,,,,,,,,,,
img_1005_3,,,,,,,,,,
img_1005_4,,,,,,,,,,
img_1005_5,,,,,,,,,,
img_1005_6,,,,,,,,,,
img_1005_7,,,,,,,,,,
img_1006_1,,,,,,,,,,
img_1006_2,,,,,,,,,,
img_1006_3,,,,,,,,,,
img_1006_4,,,,,,,,,,
img_1006_5,,,,,,,,,,
img_1006_6,,,,,,,,,,
img_1006_7,,,,,,,,,,
img_1007_1,,,,,,,,,,
img_1007_2,,,,,,,,,,
img_1007_3,,,,,,,,,,
img_1007_4,,,,,,,,,,
img_1007_5,,,,,,,,,,
img_1007_6,,,,,,,,,,
img_1007_7,,,,,,,,,,
img_1008_1,,,,,,,,,,
img_1008_2,,,,,,,,,,
img_1008_3,,,,,,,,,,
img_1008_4,,,,,,,,,,
img_1008_5,,,,,,,,,,
img_1008_6,,,,,,,,,,
img_1008_7,,,,,,,,,,
img_1009_1,,,,,,,,,,
img_1009_2,,,,,,,,,,
img_1009_3,,,,,,,,,,
img_1009_4,,,,,,,,,,
img_1009_5,,,,,,,,,,
img_1009_6,,,,,,,,,,
img_1009_7,,,,,,,,,,
img_1010_1,,,,,,,,,,
img_1010_2,,,,,,,,,,
img_1010_3,,,,,,,,,,
img_1010_4,,,,,,,,,,
img_1010_5,,,,,,,,,,
img_1010_6,,,,,,,,,,
img_1010_7,,,,,,,,,,
img_1011_1,,,,,,,,,,
img_1011_2,,,,,,,,,,
img_1011_3,,,,,,,,,,
img_1011_4,,,,,,,,,,
img_1011_5,,,,,,,,,,
img_1011_6,,,,,,,,,,
img_1011_7,,,,,,,,,,
img_1012_1,,,,,,,,,,
img_1012_2,,,,,,,,,,
img_1012_3,,,,,,,,,,
img_1012_4,,,,,,,,,,
img_1012_5,,,,,,,,,,
img_1012_6,,,,,,,,,,
img_1012_7,,,,,,,,,,
img_1013_1,,,,,,,,,,
img_1013_2,,,,,,,,,,
img_1013_3,,,,,,,,,,
img_1013_4,,,,,,,,,,
img_1013_5,,,,,,,,,,
img_1013_6,,,,,,,,,,
img_1013_7,,,,,,,,,,
img_1014_1,,,,,,,,,,
img_1014_2,,,,,,,,,,
img_1014_3,,,,,,,,,,
img_1014_4,,,,,,,,,,
img_1014_5,,,,,,,,,,
img_1014_6,,,,,,,,,,
img_1014_7,,,,,,,,,,
img_1015_1,,,,,,,,,,
img_1015_2,,,,,,,,,,
img_1015_3,,,,,,,,,,
img_1015_4,,,,,,,,,,
img_1015_5,,,,,,,,,,
img_1015_6,,,,,,,,,,
img_1015_7,,,,,,,,,,
img_1016_1,,,,,,,,,,
img_1016_2,,,,,,,,,,
img_1016_3,,,,,,,,,,
img_1016_4,,,,,,,,,,
img_1016_5,,,,,,,,,,
img_1016_6,,,,,,,,,,
img_1016_7,,,,,,,,,,
img_1017_1,,,,,,,,,,
img_1017_2,,,,,,,,,,
img_1017_3,,,,,,,,,,
img_1017_4,,,,,,,,,,
img_1017_5,,,,,,,,,,
img_1017_6,,,,,,,,,,
img_1017_7,,,,,,,,,,
img_1018_1,,,,,,,,,,
img_1018_2,,,,,,,,,,
img_1018_3,,,,,,,,,,
img_1018_4,,,,,,,,,,
img_1018_5,,,,,,,,,,
img_1018_6,,,,,,,,,,
img_1018_7,,,,,,,,,,
img_1019_1,,,,,,,,,,
img_1019_2,,,,,,,,,,
img_1019_3,,,,,,,,,,
img_1019_4,,,,,,,,,,
img_1019_5,,,,,,,,,,
img_1019_6,,,,,,,,,,
img_1019_7,,,,,,,,,,
img_1020_1,,,,,,,,,,
img_1020_2,,,,,,,,,,
img_1020_3,,,,,,,,,,
img_1020_4,,,,,,,,,,
img_1020_5,,,,,,,,,,
img_1020_6,,,,,,,,,,
img_1020_7,,,,,,,,,,
img_1021_1,,,,,,,,,,
img_1021_2,,,,,,,,,,
img_1021_3,,,,,,,,,,
img_1021_4,,,,,,,,,,
img_1021_5,,,,,,,,,,
img_1021_6,,,,,,,,,,
img_1021_7,,,,,,,,,,
img_1022_1,,,,,,,,,,
img_1022_2,,,,,,,,,,
img_1022_3,,,,,,,,,,
img_1022_4,,,,,,,,,,
img_1022_5,,,,,,,,,,
img_1022_6,,,,,,,,,,
img_1022_7,,,,,,,,,,
img_1023_1,,,,,,,,,,
img_1023_2,,,,,,,,,,
img_1023_3,,,,,,,,,,
img_1023_4,,,,,,,,,,
img_1023_5,,,,,,,,,,
img_1023_6,,,,,,,,,,
img_1023_7,,,,,,,,,,
img_1024_1,,,,,,,,,,
img_1024_2,,,,,,,,,,
img_1024_3,,,,,,,,,,
img_1024_4,,,,,,,,,,
img_1024_5,,,,,,,,,,
img_1024_6,,,,,,,,,,
img_1024_7,,,,,,,,,,
img_1025_1,,,,,,,,,,
img_1025_2,,,,,,,,,,
img_1025_3,,,,,,,,,,
img_1025_4,,,,,,,,,,
img_1025_5,,,,,,,,,,
img_1025_6,,,,,,,,,,
img_1025_7,,,,,,,,,,
img_1026_1,,,,,,,,,,
img_1026_2,,,,,,,,,,
img_1026_3,,,,,,,,,,
img_1026_4,,,,,,,,,,
img_1026_5,,,,,,,,,,
img_1026_6,,,,,,,,,,
img_1026_7,,,,,,,,,,
img_1027_1,,,,,,,,,,
img_1027_2,,,,,,,,,,
img_1027_3,,,,,,,,,,
img_1027_4,,,,,,,,,,
img_1027_5,,,,,,,,,,
img_1027_6,,,,,,,,,,
img_1027_7,,,,,,,,,,
img_1028_1,,,,,,,,,,
img_1028_2,,,,,,,,,,
img_1028_3,,,,,,,,,,
img_1028_4,,,,,,,,,,
img_1028_5,,,,,,,,,,
img_1028_6,,,,,,,,,,
img_1028_7,,,,,,,,,,
img_1029_1,,,,,,,,,,
img_1029_2,,,,,,,,,,
img_1029_3,,,,,,,,,,
img_1029_4,,,,,,,,,,
img_1029_5,,,,,,,,,,
img_1029_6,,,,,,,,,,
img_1029_7,,,,,,,,,,
img_1030_1,,,,,,,,,,
img_1030_2,,,,,,,,,,
img_1030_3,,,,,,,,,,
img_1030_4,,,,,,,,,,
img_1030_5,,,,,,,,,,
img_1030_6,,,,,,,,,,
img_1030_7,,,,,,,,,,
img_1031_1,,,,,,,,,,
img_1031_2,,,,,,,,,,
img_1031_3,,,,,,,,,,
img_1031_4,,,,,,,,,,
img_1031_5,,,,,,,,,,
img_1031_6,,,,,,,,,,
img_1031_7,,,,,,,,,,
img_1032_1,,,,,,,,,,
img_1032_2,,,,,,,,,,
img_1032_3,,,,,,,,,,
img_1032_4,,,,,,,,,,
img_1032_5,,,,,,,,,,
img_1032_6,,,,,,,,,,
img_1032_7,,,,,,,,,,
img_1033_1,,,,,,,,,,
img_1033_2,,,,,,,,,,
img_1033_3,,,,,,,,,,
img_1033_4,,,,,,,,,,
img_1033_5,,,,,,,,,,
img_1033_6,,,,,,,,,,
img_1033_7,,,,,,,,,,
img_1034_1,,,,,,,,,,
img_1034_2,,,,,,,,,,
img_1034_3,,,,,,,,,,
img_1034_4,,,,,,,,,,
img_1034_5,,,,,,,,,,
img_1034_6,,,,,,,,,,
img_1034_7,,,,,,,,,,
img_1035_1,,,,,,,,,,
img_1035_2,,,,,,,,,,
img_1035_3,,,,,,,,,,
img_1035_4,,,,,,,,,,
img_1035_5,,,,,,,,,,
img_1035_6,,,,,,,,,,
img_1035_7,,,,,,,,,,
img_1036_1,,,,,,,,,,
img_1036_2,,,,,,,,,,
img_1036_3,,,,,,,,,,
img_1036_4,,,,,,,,,,
img_1036_5,,,,,,,,,,
img_1036_6,,,,,,,,,,
img_1036_7,,,,,,,,,,
img_1037_1,,,,,,,,,,
img_1037_2,,,,,,,,,,
img_1037_3,,,,,,,,,,
img_1037_4,,,,,,,,,,
img_1037_5,,,,,,,,,,
img_1037_6,,,,,,,,,,
img_1037_7,,,,,,,,,,
img_1038_1,,,,,,,,,,
img_1038_2,,,,,,,,,,
img_1038_3,,,,,,,,,,
img_1038_4,,,,,,,,,,
img_1038_5,,,,,,,,,,
img_1038_6,,,,,,,,,,
img_1038_7,,,,,,,,,,
img_1039_1,,,,,,,,,,
img_1039_2,,,,,,,,,,
img_1039_3,,,,,,,,,,
img_1039_4,,,,,,,,,,
img_1039_5,,,,,,,,,,
img_1039_6,,,,,,,,,,
img_1039_7,,,,,,,,,,
img_1040_1,,,,,,,,,,
img_1040_2,,,,,,,,,,
img_1040_3,,,,,,,,,,
img_1040_4,,,,,,,,,,
img_1040_5,,,,,,,,,,
img_1040_6,,,,,,,,,,
img_1040_7,,,,,,,,,,
img_1041_1,,,,,,,,,,
img_1041_2,,,,,,,,,,
img_1041_3,,,,,,,,,,
img_1041_4,,,,,,,,,,
img_1041_5,,,,,,,,,,
img_1041_6,,,,,,,,,,
img_1041_7,,,,,,,,,,
img_1042_1,,,,,,,,,,
img_1042_2,,,,,,,,,,
img_1042_3,,,,,,,,,,
img_1042_4,,,,,,,,,,
img_1042_5,,,,,,,,,,
img_1042_6,,,,,,,,,,
img_1042_7,,,,,,,,,,
img_1043_1,,,,,,,,,,
img_1043_2,,,,,,,,,,
img_1043_3,,,,,,,,,,
img_1043_4,,,,,,,,,,
img_1043_5,,,,,,,,,,
img_1043_6,,,,,,,,,,
img_1043_7,,,,,,,,,,
img_1044_1,,,,,,,,,,
img_1044_2,,,,,,,,,,
img_1044_3,,,,,,,,,,
img_1044_4,,,,,,,,,,
img_1044_5,,,,,,,,,,
img_1044_6,,,,,,,,,,
img_1044_7,,,,,,,,,,
img_1045_1,,,,,,,,,,
img_1045_2,,,,,,,,,,
img_1045_3,,,,,,,,,,
img_1045_4,,,,,,,,,,
img_1045_5,,,,,,,,,,
img_1045_6,,,,,,,,,,
img_1045_7,,,,,,,,,,
img_1046_1,,,,,,,,,,
img_1046_2,,,,,,,,,,
img_1046_3,,,,,,,,,,
img_1046_4,,,,,,,,,,
img_1046_5,,,,,,,,,,
img_1046_6,,,,,,,,,,
img_1046_7,,,,,,,,,,
img_1047_1,,,,,,,,,,
img_1047_2,,,,,,,,,,
img_1047_3,,,,,,,,,,
img_1047_4,,,,,,,,,,
img_1047_5,,,,,,,,,,
img_1047_6,,,,,,,,,,
img_1047_7,,,,,,,,,,
img_1048_1,,,,,,,,,,
img_1048_2,,,,,,,,,,
img_1048_3,,,,,,,,,,
img_1048_4,,,,,,,,,,
img_1048_5,,,,,,,,,,
img_1048_6,,,,,,,,,,
img_1048_7,,,,,,,,,,
img_1049_1,,,,,,,,,,
img_1049_2,,,,,,,,,,
img_1049_3,,,,,,,,,,
img_1049_4,,,,,,,,,,
img_1049_5,,,,,,,,,,
img_1049_6,,,,,,,,,,
img_1049_7,,,,,,,,,,
img_1050_1,,,,,,,,,,
img_1050_2,,,,,,,,,,
img_1050_3,,,,,,,,,,
img_1050_4,,,,,,,,,,
img_1050_5,,,,,,,,,,
img_1050_6,,,,,,,,,,
img_1050_7,,,,,,,,,,
img_1051_1,,,,,,,,,,
img_1051_2,,,,,,,,,,
img_1051_3,,,,,,,,,,
img_1051_4,,,,,,,,,,
img_1051_5,,,,,,,,,,
img_1051_6,,,,,,,,,,
img_1051_7,,,,,,,,,,
img_1052_1,,,,,,,,,,
img_1052_2,,,,,,,,,,
img_1052_3,,,,,,,,,,
img_1052_4,,,,,,,,,,
img_1052_5,,,,,,,,,,
img_1052_6,,,,,,,,,,
img_1052_7,,,,,,,,,,
img_1053_1,,,,,,,,,,
img_1053_2,,,,,,,,,,
img_1053_3,,,,,,,,,,
img_1053_4,,,,,,,,,,
img_1053_5,,,,,,,,,,
img_1053_6,,,,,,,,,,
img_1053_7,,,,,,,,,,
img_1054_1,,,,,,,,,,
img_1054_2,,,,,,,,,,
img_1054_3,,,,,,,,,,
img_1054_4,,,,,,,,,,
img_1054_5,,,,,,,,,,
img_1054_6,,,,,,,,,,
img_1054_7,,,,,,,,,,
img_1055_1,,,,,,,,,,
img_1055_2,,,,,,,,,,
img_1055_3,,,,,,,,,,
img_1055_4,,,,,,,,,,
img_1055_5,,,,,,,,,,
img_1055_6,,,,,,,,,,
img_1055_7,,,,,,,,,,
img_1056_1,,,,,,,,,,
img_1056_2,,,,,,,,,,
img_1056_3,,,,,,,,,,
img_1056_4,,,,,,,,,,
img_1056_5,,,,,,,,,,
img_1056_6,,,,,,,,,,
img_1056_7,,,,,,,,,,
img_1057_1,,,,,,,,,,
img_1057_2,,,,,,,,,,
img_1057_3,,,,,,,,,,
img_1057_4,,,,,,,,,,
img_1057_5,,,,,,,,,,
img_1057_6,,,,,,,,,,
img_1057_7,,,,,,,,,,
img_1058_1,,,,,,,,,,
img_1058_2,,,,,,,,,,
img_1058_3,,,,,,,,,,
img_1058_4,,,,,,,,,,
img_1058_5,,,,,,,,,,
img_1058_6,,,,,,,,,,
img_1058_7,,,,,,,,,,
img_1059_1,,,,,,,,,,
img_1059_2,,,,,,,,,,
img_1059_3,,,,,,,,,,
img_1059_4,,,,,,,,,,
img_1059_5,,,,,,,,,,
img_1059_6,,,,,,,,,,
img_1059_7,,,,,,,,,,
img_1060_1,,,,,,,,,,
img_1060_2,,,,,,,,,,
img_1060_3,,,,,,,,,,
img_1060_4,,,,,,,,,,
img_1060_5,,,,,,,,,,
img_1060_6,,,,,,,,,,
img_1060_7,,,,,,,,,,
img_1061_1,,,,,,,,,,
img_1061_2,,,,,,,,,,
img_1061_3,,,,,,,,,,
img_1061_4,,,,,,,,,,
img_1061_5,,,,,,,,,,
img_1061_6,,,,,,,,,,
img_1061_7,,,,,,,,,,
img_1062_1,,,,,,,,,,
img_1062_2,,,,,,,,,,
img_1062_3,,,,,,,,,,
img_1062_4,,,,,,,,,,
img_1062_5,,,,,,,,,,
img_1062_6,,,,,,,,,,
img_1062_7,,,,,,,,,,
img_1063_1,,,,,,,,,,
img_1063_2,,,,,,,,,,
img_1063_3,,,,,,,,,,
img_1063_4,,,,,,,,,,
img_1063_5,,,,,,,,,,
img_1063_6,,,,,,,,,,
img_1063_7,,,,,,,,,,
img_1064_1,,,,,,,,,,
img_1064_2,,,,,,,,,,
img_1064_3,,,,,,,,,,
img_1064_4,,,,,,,,,,
img_1064_5,,,,,,,,,,
img_1064_6,,,,,,,,,,
img_1064_7,,,,,,,,,,
img_1065_1,,,,,,,,,,
img_1065_2,,,,,,,,,,
img_1065_3,,,,,,,,,,
img_1065_4,,,,,,,,,,
img_1065_5,,,,,,,,,,
img_1065_6,,,,,,,,,,
img_1065_7,,,,,,,,,,
img_1066_1,,,,,,,,,,
img_1066_2,,,,,,,,,,
img_1066_3,,,,,,,,,,
img_1066_4,,,,,,,,,,
img_1066_5,,,,,,,,,,
img_1066_6,,,,,,,,,,
img_1066_7,,,,,,,,,,
img_1067_1,,,,,,,,,,
img_1067_2,,,,,,,,,,
img_1067_3,,,,,,,,,,
img_1067_4,,,,,,,,,,
img_1067_5,,,,,,,,,,
img_1067_6,,,,,,,,,,
img_1067_7,,,,,,,,,,
img_1068_1,,,,,,,,,,
img_1068_2,,,,,,,,,,
img_1068_3,,,,,,,,,,
img_1068_4,,,,,,,,,,
img_1068_5,,,,,,,,,,
img_1068_6,,,,,,,,,,
img_1068_7,,,,,,,,,,
img_1069_1,,,,,,,,,,
img_1069_2,,,,,,,,,,
img_1069_3,,,,,,,,,,
img_1069_4,,,,,,,,,,
img_1069_5,,,,,,,,,,
img_1069_6,,,,,,,,,,
img_1069_7,,,,,,,,,,
img_1070_1,,,,,,,,,,
img_1070_2,,,,,,,,,,
img_1070_3,,,,,,,,,,
img_1070_4,,,,,,,,,,
img_1070_5,,,,,,,,,,
img_1070_6,,,,,,,,,,
img_1070_7,,,,,,,,,,
img_1071_1,,,,,,,,,,
img_1071_2,,,,,,,,,,
img_1071_3,,,,,,,,,,
img_1071_4,,,,,,,,,,
img_1071_5,,,,,,,,,,
img_1071_6,,,,,,,,,,
img_1071_7,,,,,,,,,,
img_1072_1,,,,,,,,,,
img_1072_2,,,,,,,,,,
img_1072_3,,,,,,,,,,
img_1072_4,,,,,,,,,,
img_1072_5,,,,,,,,,,
img_1072_6,,,,,,,,,,
img_1072_7,,,,,,,,,,
img_1073_1,,,,,,,,,,
img_1073_2,,,,,,,,,,
img_1073_3,,,,,,,,,,
img_1073_4,,,,,,,,,,
img_1073_5,,,,,,,,,,
img_1073_6,,,,,,,,,,
img_1073_7,,,,,,,,,,
img_1074_1,,,,,,,,,,
img_1074_2,,,,,,,,,,
img_1074_3,,,,,,,,,,
img_1074_4,,,,,,,,,,
img_1074_5,,,,,,,,,,
img_1074_6,,,,,,,,,,
img_1074_7,,,,,,,,,,
img_1075_1,,,,,,,,,,
img_1075_2,,,,,,,,,,
img_1075_3,,,,,,,,,,
img_1075_4,,,,,,,,,,
img_1075_5,,,,,,,,,,
img_1075_6,,,,,,,,,,
img_1075_7,,,,,,,,,,
img_1076_1,,,,,,,,,,
img_1076_2,,,,,,,,,,
img_1076_3,,,,,,,,,,
img_1076_4,,,,,,,,,,
img_1076_5,,,,,,,,,,
img_1076_6,,,,,,,,,,
img_1076_7,,,,,,,,,,
img_1077_1,,,,,,,,,,
img_1077_2,,,,,,,,,,
img_1077_3,,,,,,,,,,
img_1077_4,,,,,,,,,,
img_1077_5,,,,,,,,,,
img_1077_6,,,,,,,,,,
img_1077_7,,,,,,,,,,
img_1078_1,,,,,,,,,,
img_1078_2,,,,,,,,,,
img_1078_3,,,,,,,,,,
img_1078_4,,,,,,,,,,
img_1078_5,,,,,,,,,,
img_1078_6,,,,,,,,,,
img_1078_7,,,,,,,,,,
img_1079_1,,,,,,,,,,
img_1079_2,,,,,,,,,,
img_1079_3,,,,,,,,,,
img_1079_4,,,,,,,,,,
img_1079_5,,,,,,,,,,
img_1079_6,,,,,,,,,,
img_1079_7,,,,,,,,,,
img_1080_1,,,,,,,,,,
img_1080_2,,,,,,,,,,
img_1080_3,,,,,,,,,,
img_1080_4,,,,,,,,,,
img_1080_5,,,,,,,,,,
img_1080_6,,,,,,,,,,
img_1080_7,,,,,,,,,,
img_1081_1,,,,,,,,,,
img_1081_2,,,,,,,,,,
img_1081_3,,,,,,,,,,
img_1081_4,,,,,,,,,,
img_1081_5,,,,,,,,,,
img_1081_6,,,,,,,,,,
img_1081_7,,,,,,,,,,
img_1082_1,,,,,,,,,,
img_1082_2,,,,,,,,,,
img_1082_3,,,,,,,,,,
img_1082_4,,,,,,,,,,
img_1082_5,,,,,,,,,,
img_1082_6,,,,,,,,,,
img_1082_7,,,,,,,,,,
img_1083_1,,,,,,,,,,
img_1083_2,,,,,,,,,,
img_1083_3,,,,,,,,,,
img_1083_4,,,,,,,,,,
img_1083_5,,,,,,,,,,
img_1083_6,,,,,,,,,,
img_1083_7,,,,,,,,,,
img_1084_1,,,,,,,,,,
img_1084_2,,,,,,,,,,
img_1084_3,,,,,,,,,,
img_1084_4,,,,,,,,,,
img_1084_5,,,,,,,,,,
img_1084_6,,,,,,,,,,
img_1084_7,,,,,,,,,,
img_1085_1,,,,,,,,,,
img_1085_2,,,,,,,,,,
img_1085_3,,,,,,,,,,
img_1085_4,,,,,,,,,,
img_1085_5,,,,,,,,,,
img_1085_6,,,,,,,,,,
img_1085_7,,,,,,,,,,
img_1086_1,,,,,,,,,,
img_1086_2,,,,,,,,,,
img_1086_3,,,,,,,,,,
img_1086_4,,,,,,,,,,
img_1086_5,,,,,,,,,,
img_1086_6,,,,,,,,,,
img_1086_7,,,,,,,,,,
img_1087_1,,,,,,,,,,
img_1087_2,,,,,,,,,,
img_1087_3,,,,,,,,,,
img_1087_4,,,,,,,,,,
img_1087_5,,,,,,,,,,
img_1087_6,,,,,,,,,,
img_1087_7,,,,,,,,,,
img_1088_1,,,,,,,,,,
img_1088_2,,,,,,,,,,
img_1088_3,,,,,,,,,,
img_1088_4,,,,,,,,,,
img_1088_5,,,,,,,,,,
img_1088_6,,,,,,,,,,
img_1088_7,,,,,,,,,,
img_1089_1,,,,,,,,,,
img_1089_2,,,,,,,,,,
img_1089_3,,,,,,,,,,
img_1089_4,,,,,,,,,,
img_1089_5,,,,,,,,,,
img_1089_6,,,,,,,,,,
img_1089_7,,,,,,,,,,
img_1090_1,,,,,,,,,,
img_1090_2,,,,,,,,,,
img_1090_3,,,,,,,,,,
img_1090_4,,,,,,,,,,
img_1090_5,,,,,,,,,,
img_1090_6,,,,,,,,,,
img_1090_7,,,,,,,,,,
img_1091_1,,,,,,,,,,
img_1091_2,,,,,,,,,,
img_1091_3,,,,,,,,,,
img_1091_4,,,,,,,,,,
img_1091_5,,,,,,,,,,
img_1091_6,,,,,,,,,,
img_1091_7,,,,,,,,,,
img_1092_1,,,,,,,,,,
img_1092_2,,,,,,,,,,
img_1092_3,,,,,,,,,,
img_1092_4,,,,,,,,,,
img_1092_5,,,,,,,,,,
img_1092_6,,,,,,,,,,
img_1092_7,,,,,,,,,,
img_1093_1,,,,,,,,,,
img_1093_2,,,,,,,,,,
img_1093_3,,,,,,,,,,
img_1093_4,,,,,,,,,,
img_1093_5,,,,,,,,,,
img_1093_6,,,,,,,,,,
img_1093_7,,,,,,,,,,
img_1094_1,,,,,,,,,,
img_1094_2,,,,,,,,,,
img_1094_3,,,,,,,,,,
img_1094_4,,,,,,,,,,
img_1094_5,,,,,,,,,,
img_1094_6,,,,,,,,,,
img_1094_7,,,,,,,,,,
img_1095_1,,,,,,,,,,
img_1095_2,,,,,,,,,,
img_1095_3,,,,,,,,,,
img_1095_4,,,,,,,,,,
img_1095_5,,,,,,,,,,
img_1095_6,,,,,,,,,,
img_1095_7,,,,,,,,,,
img_1096_1,,,,,,,,,,
img_1096_2,,,,,,,,,,
img_1096_3,,,,,,,,,,
img_1096_4,,,,,,,,,,
img_1096_5,,,,,,,,,,
img_1096_6,,,,,,,,,,
img_1096_7,,,,,,,,,,
img_1098_1,,,,,,,,,,
img_1098_2,,,,,,,,,,
img_1098_3,,,,,,,,,,
img_1098_4,,,,,,,,,,
img_1098_5,,,,,,,,,,
img_1098_6,,,,,,,,,,
img_1098_7,,,,,,,,,,
img_1099_1,,,,,,,,,,
img_1099_2,,,,,,,,,,
img_1099_3,,,,,,,,,,
img_1099_4,,,,,,,,,,
img_1099_5,,,,,,,,,,
img_1099_6,,,,,,,,,,
img_1099_7,,,,,,,,,,
img_1100_1,,,,,,,,,,
img_1100_2,,,,,,,,,,
img_1100_3,,,,,,,,,,
img_1100_4,,,,,,,,,,
img_1100_5,,,,,,,,,,
img_1100_6,,,,,,,,,,
img_1100_7,,,,,,,,,,
img_1101_1,,,,,,,,,,
img_1101_2,,,,,,,,,,
img_1101_3,,,,,,,,,,
img_1101_4,,,,,,,,,,
img_1101_5,,,,,,,,,,
img_1101_6,,,,,,,,,,
img_1101_7,,,,,,,,,,
img_1102_1,,,,,,,,,,
img_1102_2,,,,,,,,,,
img_1102_3,,,,,,,,,,
img_1102_4,,,,,,,,,,
img_1102_5,,,,,,,,,,
img_1102_6,,,,,,,,,,
img_1102_7,,,,,,,,,,
img_1103_1,,,,,,,,,,
img_1103_2,,,,,,,,,,
img_1103_3,,,,,,,,,,
img_1103_4,,,,,,,,,,
img_1103_5,,,,,,,,,,
img_1103_6,,,,,,,,,,
img_1103_7,,,,,,,,,,
img_1104_1,,,,,,,,,,
img_1104_2,,,,,,,,,,
img_1104_3,,,,,,,,,,
img_1104_4,,,,,,,,,,
img_1104_5,,,,,,,,,,
img_1104_6,,,,,,,,,,
img_1104_7,,,,,,,,,,
img_1105_1,,,,,,,,,,
img_1105_2,,,,,,,,,,
img_1105_3,,,,,,,,,,
img_1105_4,,,,,,,,,,
img_1105_5,,,,,,,,,,
img_1105_6,,,,,,,,,,
img_1105_7,,,,,,,,,,
img_1106_1,,,,,,,,,,
img_1106_2,,,,,,,,,,
img_1106_3,,,,,,,,,,
img_1106_4,,,,,,,,,,
img_1106_5,,,,,,,,,,
img_1106_6,,,,,,,,,,
img_1106_7,,,,,,,,,,
img_1107_1,,,,,,,,,,
img_1107_2,,,,,,,,,,
img_1107_3,,,,,,,,,,
img_1107_4,,,,,,,,,,
img_1107_5,,,,,,,,,,
img_1107_6,,,,,,,,,,
img_1107_7,,,,,,,,,,
img_1108_1,,,,,,,,,,
img_1108_2,,,,,,,,,,
img_1108_3,,,,,,,,,,
img_1108_4,,,,,,,,,,
img_1108_5,,,,,,,,,,
img_1108_6,,,,,,,,,,
img_1108_7,,,,,,,,,,
img_1109_1,,,,,,,,,,
img_1109_2,,,,,,,,,,
img_1109_3,,,,,,,,,,
img_1109_4,,,,,,,,,,
img_1109_5,,,,,,,,,,
img_1109_6,,,,,,,,,,
img_1109_7,,,,,,,,,,
img_1110_1,,,,,,,,,,
img_1110_2,,,,,,,,,,
img_1110_3,,,,,,,,,,
img_1110_4,,,,,,,,,,
img_1110_5,,,,,,,,,,
img_1110_6,,,,,,,,,,
img_1110_7,,,,,,,,,,
img_1111_1,,,,,,,,,,
img_1111_2,,,,,,,,,,
img_1111_3,,,,,,,,,,
img_1111_4,,,,,,,,,,
img_1111_5,,,,,,,,,,
img_1111_6,,,,,,,,,,
img_1111_7,,,,,,,,,,
img_1112_1,,,,,,,,,,
img_1112_2,,,,,,,,,,
img_1112_3,,,,,,,,,,
img_1112_4,,,,,,,,,,
img_1112_5,,,,,,,,,,
img_1112_6,,,,,,,,,,
img_1112_7,,,,,,,,,,
img_1113_1,,,,,,,,,,
img_1113_2,,,,,,,,,,
img_1113_3,,,,,,,,,,
img_1113_4,,,,,,,,,,
img_1113_5,,,,,,,,,,
img_1113_6,,,,,,,,,,
img_1113_7,,,,,,,,,,
